date,product,category,units_sold,unit_price
2026-01-05,Keyboard,Peripherals,12,45.50
2026-01-06,Monitor,Displays,3,220.00
2026-01-07,Mouse,Peripherals,25,18.90
2026-01-08,Laptop,Computers,2,950.00
2026-01-09,Keyboard,Peripherals,8,45.50
2026-01-12,Headphones,Audio,15,
2026-01-13,Monitor,Displays,5,220.00
2026-01-14,Mouse,Peripherals,30,18.90
2026-01-15,Webcam,Video,7,62.00
2026-01-16,Laptop,Computers,1,950.00
2026-01-19,Headphones,Audio,22,35.75
2026-01-20,Keyboard,Peripherals,10,45.50
2026-01-21,Microphone,Audio,4,
2026-01-22,Monitor,Displays,6,220.00
2026-01-23,Mouse,Peripherals,18,18.90
2026-01-26,Webcam,Video,9,62.00
2026-01-27,Laptop,Computers,3,950.00
2026-01-28,Headphones,Audio,11,35.75
2026-01-29,Keyboard,Peripherals,14,
2026-01-30,Monitor,Displays,4,220.00
